term,p,rubio
US blockade lifted,90,
Mutual non-attack (shipping/bases),90,
Asset unfreeze,87,
"Iran ""reaffirms"" no nukes",80,
Iran-Oman joint strait administration,78,
Oil waiver restored,75,
Mine-clearing coalition with Iranian consent,70,
$300B reconstruction fund,55,
Lebanon/Hezbollah linked,55,
Capped service fees survive,52,
Houthi Red Sea standdown,42,
Verifiable enrichment cap / IAEA at Pickaxe,50,1
Economic Outcast rollback,40,
Zero fees,30,2
HEU turned over,20,3
Compensation for July strikes,20,
Israel bound signatory,15,
Full denuclearization,5,
