date,brent_front,brent_spot,jkm_front,brent_nov3,jkm_nov3,source
2026-01-02,60.75,61.98,9.700,,,Brent: Trading Economics; spot: EIA via FRED DCOILBRENTEU; JKM: Investing.com JKMc1
2026-01-05,61.76,63.00,9.540,,,Brent: Trading Economics; spot: EIA via FRED DCOILBRENTEU; JKM: Investing.com JKMc1
2026-01-06,60.70,62.10,9.575,,,Brent: Trading Economics; spot: EIA via FRED DCOILBRENTEU; JKM: Investing.com JKMc1
2026-01-07,59.96,61.08,9.605,,,Brent: Trading Economics; spot: EIA via FRED DCOILBRENTEU; JKM: Investing.com JKMc1
2026-01-08,61.99,63.34,9.555,,,Brent: Trading Economics; spot: EIA via FRED DCOILBRENTEU; JKM: Investing.com JKMc1
2026-01-09,63.34,65.11,9.565,,,Brent: Trading Economics; spot: EIA via FRED DCOILBRENTEU; JKM: Investing.com JKMc1
2026-01-12,63.87,65.40,9.610,,,Brent: Trading Economics; spot: EIA via FRED DCOILBRENTEU; JKM: Investing.com JKMc1
2026-01-13,65.47,67.58,9.610,,,Brent: Trading Economics; spot: EIA via FRED DCOILBRENTEU; JKM: Investing.com JKMc1
2026-01-14,66.52,68.87,9.595,,,Brent: Trading Economics; spot: EIA via FRED DCOILBRENTEU; JKM: Investing.com JKMc1
2026-01-15,63.76,66.16,9.610,,,Brent: Trading Economics; spot: EIA via FRED DCOILBRENTEU; JKM: Investing.com JKMc1
2026-01-16,64.13,66.97,11.155,,,Brent: Trading Economics; spot: EIA via FRED DCOILBRENTEU; JKM: Investing.com JKMc1
2026-01-19,,66.91,,,,spot: EIA via FRED DCOILBRENTEU
2026-01-20,64.92,67.68,10.805,,,Brent: Trading Economics; spot: EIA via FRED DCOILBRENTEU; JKM: Investing.com JKMc1
2026-01-21,65.24,66.72,11.335,,,Brent: Trading Economics; spot: EIA via FRED DCOILBRENTEU; JKM: Investing.com JKMc1
2026-01-22,64.06,65.46,11.220,,,Brent: Trading Economics; spot: EIA via FRED DCOILBRENTEU; JKM: Investing.com JKMc1
2026-01-23,65.88,68.16,11.285,,,Brent: Trading Economics; spot: EIA via FRED DCOILBRENTEU; JKM: Investing.com JKMc1
2026-01-26,65.59,67.70,11.225,,,Brent: Trading Economics; spot: EIA via FRED DCOILBRENTEU; JKM: Investing.com JKMc1
2026-01-27,67.57,70.28,11.350,,,Brent: Trading Economics; spot: EIA via FRED DCOILBRENTEU; JKM: Investing.com JKMc1
2026-01-28,67.37,70.90,11.290,,,Brent: Trading Economics; spot: EIA via FRED DCOILBRENTEU; JKM: Investing.com JKMc1
2026-01-29,69.59,71.00,11.465,,,Brent: Trading Economics; spot: EIA via FRED DCOILBRENTEU; JKM: Investing.com JKMc1
2026-01-30,69.32,72.25,11.525,,,Brent: Trading Economics; spot: EIA via FRED DCOILBRENTEU; JKM: Investing.com JKMc1
2026-02-02,66.30,67.72,11.150,,,Brent: Trading Economics; spot: EIA via FRED DCOILBRENTEU; JKM: Investing.com JKMc1
2026-02-03,67.33,70.01,11.130,,,Brent: Trading Economics; spot: EIA via FRED DCOILBRENTEU; JKM: Investing.com JKMc1
2026-02-04,69.46,71.15,11.100,,,Brent: Trading Economics; spot: EIA via FRED DCOILBRENTEU; JKM: Investing.com JKMc1
2026-02-05,67.55,69.87,11.080,,,Brent: Trading Economics; spot: EIA via FRED DCOILBRENTEU; JKM: Investing.com JKMc1
2026-02-06,68.05,70.45,11.105,,,Brent: Trading Economics; spot: EIA via FRED DCOILBRENTEU; JKM: Investing.com JKMc1
2026-02-09,69.04,71.19,11.045,,,Brent: Trading Economics; spot: EIA via FRED DCOILBRENTEU; JKM: Investing.com JKMc1
2026-02-10,68.80,71.01,11.015,,,Brent: Trading Economics; spot: EIA via FRED DCOILBRENTEU; JKM: Investing.com JKMc1
2026-02-11,69.40,71.52,11.010,,,Brent: Trading Economics; spot: EIA via FRED DCOILBRENTEU; JKM: Investing.com JKMc1
2026-02-12,67.52,69.80,11.005,,,Brent: Trading Economics; spot: EIA via FRED DCOILBRENTEU; JKM: Investing.com JKMc1
2026-02-13,67.75,69.96,10.993,,,Brent: Trading Economics; spot: EIA via FRED DCOILBRENTEU; JKM: Investing.com JKMc1
2026-02-16,68.689,70.81,,,,Brent: Trading Economics; spot: EIA via FRED DCOILBRENTEU
2026-02-17,67.42,69.77,9.960,,,Brent: Trading Economics; spot: EIA via FRED DCOILBRENTEU; JKM: Investing.com JKMc1
2026-02-18,70.35,71.78,10.395,,,Brent: Trading Economics; spot: EIA via FRED DCOILBRENTEU; JKM: Investing.com JKMc1
2026-02-19,71.66,73.17,10.780,,,Brent: Trading Economics; spot: EIA via FRED DCOILBRENTEU; JKM: Investing.com JKMc1
2026-02-20,71.76,72.75,10.660,,,Brent: Trading Economics; spot: EIA via FRED DCOILBRENTEU; JKM: Investing.com JKMc1
2026-02-23,71.49,71.90,10.725,,,Brent: Trading Economics; spot: EIA via FRED DCOILBRENTEU; JKM: Investing.com JKMc1
2026-02-24,70.77,71.21,10.520,,,Brent: Trading Economics; spot: EIA via FRED DCOILBRENTEU; JKM: Investing.com JKMc1
2026-02-25,70.69,70.69,10.595,,,Brent: Trading Economics; spot: EIA via FRED DCOILBRENTEU; JKM: Investing.com JKMc1
2026-02-26,70.84,71.66,10.605,,,Brent: Trading Economics; spot: EIA via FRED DCOILBRENTEU; JKM: Investing.com JKMc1
2026-02-27,72.87,71.32,10.725,,,Brent: Trading Economics; spot: EIA via FRED DCOILBRENTEU; JKM: Investing.com JKMc1
2026-03-02,77.74,77.24,13.365,,,Brent: Trading Economics; spot: EIA via FRED DCOILBRENTEU; JKM: Investing.com JKMc1
2026-03-03,81.40,83.28,15.770,,,Brent: Trading Economics; spot: EIA via FRED DCOILBRENTEU; JKM: Investing.com JKMc1
2026-03-04,81.40,81.56,15.105,,,Brent: Trading Economics; spot: EIA via FRED DCOILBRENTEU; JKM: Investing.com JKMc1
2026-03-05,85.41,88.59,15.495,,,Brent: Trading Economics; spot: EIA via FRED DCOILBRENTEU; JKM: Investing.com JKMc1
2026-03-06,92.69,95.74,15.710,,,Brent: Trading Economics; spot: EIA via FRED DCOILBRENTEU; JKM: Investing.com JKMc1
2026-03-09,98.96,94.35,16.230,,,Brent: Trading Economics; spot: EIA via FRED DCOILBRENTEU; JKM: Investing.com JKMc1
2026-03-10,87.80,89.84,15.920,,,Brent: Trading Economics; spot: EIA via FRED DCOILBRENTEU; JKM: Investing.com JKMc1
2026-03-11,91.98,90.98,15.980,,,Brent: Trading Economics; spot: EIA via FRED DCOILBRENTEU; JKM: Investing.com JKMc1
2026-03-12,100.46,102.38,16.090,,,Brent: Trading Economics; spot: EIA via FRED DCOILBRENTEU; JKM: Investing.com JKMc1
2026-03-13,103.14,103.23,16.185,,,Brent: Trading Economics; spot: EIA via FRED DCOILBRENTEU; JKM: Investing.com JKMc1
2026-03-16,100.21,101.04,19.275,,,Brent: Trading Economics; spot: EIA via FRED DCOILBRENTEU; JKM: Investing.com JKMc1
2026-03-17,103.42,108.39,19.410,,,Brent: Trading Economics; spot: EIA via FRED DCOILBRENTEU; JKM: Investing.com JKMc1
2026-03-18,107.38,118.09,20.175,,,Brent: Trading Economics; spot: EIA via FRED DCOILBRENTEU; JKM: Investing.com JKMc1
2026-03-19,108.65,111.05,22.350,,,Brent: Trading Economics; spot: EIA via FRED DCOILBRENTEU; JKM: Investing.com JKMc1
2026-03-20,112.19,118.42,21.705,,,Brent: Trading Economics; spot: EIA via FRED DCOILBRENTEU; JKM: Investing.com JKMc1
2026-03-23,99.94,103.79,21.000,,,Brent: Trading Economics; spot: EIA via FRED DCOILBRENTEU; JKM: Investing.com JKMc1
2026-03-24,104.49,108.42,20.525,,,Brent: Trading Economics; spot: EIA via FRED DCOILBRENTEU; JKM: Investing.com JKMc1
2026-03-25,102.22,109.14,19.990,,,Brent: Trading Economics; spot: EIA via FRED DCOILBRENTEU; JKM: Investing.com JKMc1
2026-03-26,101.89,113.39,20.495,,,Brent: Trading Economics; spot: EIA via FRED DCOILBRENTEU; JKM: Investing.com JKMc1
2026-03-27,105.32,121.47,20.395,,,Brent: Trading Economics; spot: EIA via FRED DCOILBRENTEU; JKM: Investing.com JKMc1
2026-03-30,107.39,121.88,20.530,,,Brent: Trading Economics; spot: EIA via FRED DCOILBRENTEU; JKM: Investing.com JKMc1
2026-03-31,103.97,126.69,20.130,,,Brent: Trading Economics; spot: EIA via FRED DCOILBRENTEU; JKM: Investing.com JKMc1
2026-04-01,101.16,119.56,19.830,,,Brent: Trading Economics; spot: EIA via FRED DCOILBRENTEU; JKM: Investing.com JKMc1
2026-04-02,109.03,127.61,19.965,,,Brent: Trading Economics; spot: EIA via FRED DCOILBRENTEU; JKM: Investing.com JKMc1
2026-04-03,,,19.965,,,JKM: Investing.com JKMc1
2026-04-06,109.77,,19.965,,,Brent: Trading Economics; JKM: Investing.com JKMc1
2026-04-07,109.27,138.21,19.865,,,Brent: Trading Economics; spot: EIA via FRED DCOILBRENTEU; JKM: Investing.com JKMc1
2026-04-08,94.75,122.11,19.490,,,Brent: Trading Economics; spot: EIA via FRED DCOILBRENTEU; JKM: Investing.com JKMc1
2026-04-09,95.92,119.03,19.495,,,Brent: Trading Economics; spot: EIA via FRED DCOILBRENTEU; JKM: Investing.com JKMc1
2026-04-10,95.20,119.07,19.420,,,Brent: Trading Economics; spot: EIA via FRED DCOILBRENTEU; JKM: Investing.com JKMc1
2026-04-13,99.36,123.28,19.440,,,Brent: Trading Economics; spot: EIA via FRED DCOILBRENTEU; JKM: Investing.com JKMc1
2026-04-14,94.79,118.69,19.350,,,Brent: Trading Economics; spot: EIA via FRED DCOILBRENTEU; JKM: Investing.com JKMc1
2026-04-15,94.93,114.93,19.198,,,Brent: Trading Economics; spot: EIA via FRED DCOILBRENTEU; JKM: Investing.com JKMc1
2026-04-16,99.39,116.63,16.130,,,Brent: Trading Economics; spot: EIA via FRED DCOILBRENTEU; JKM: Investing.com JKMc1
2026-04-17,90.38,98.63,15.000,,,Brent: Trading Economics; spot: EIA via FRED DCOILBRENTEU; JKM: Investing.com JKMc1
2026-04-20,95.48,103.40,15.235,,,Brent: Trading Economics; spot: EIA via FRED DCOILBRENTEU; JKM: Investing.com JKMc1
2026-04-21,98.48,106.14,15.810,,,Brent: Trading Economics; spot: EIA via FRED DCOILBRENTEU; JKM: Investing.com JKMc1
2026-04-22,101.91,113.44,16.125,,,Brent: Trading Economics; spot: EIA via FRED DCOILBRENTEU; JKM: Investing.com JKMc1
2026-04-23,105.07,113.25,16.390,,,Brent: Trading Economics; spot: EIA via FRED DCOILBRENTEU; JKM: Investing.com JKMc1
2026-04-24,105.33,111.86,16.550,,,Brent: Trading Economics; spot: EIA via FRED DCOILBRENTEU; JKM: Investing.com JKMc1
2026-04-27,101.69,113.89,16.555,,,Brent: Trading Economics; spot: EIA via FRED DCOILBRENTEU; JKM: Investing.com JKMc1
2026-04-28,104.40,117.62,16.480,,,Brent: Trading Economics; spot: EIA via FRED DCOILBRENTEU; JKM: Investing.com JKMc1
2026-04-29,110.44,124.16,16.965,,,Brent: Trading Economics; spot: EIA via FRED DCOILBRENTEU; JKM: Investing.com JKMc1
2026-04-30,110.40,124.24,16.905,,,Brent: Trading Economics; spot: EIA via FRED DCOILBRENTEU; JKM: Investing.com JKMc1
2026-05-01,108.17,118.26,16.865,,,Brent: Trading Economics; spot: EIA via FRED DCOILBRENTEU; JKM: Investing.com JKMc1
2026-05-04,114.44,,16.865,,,Brent: Trading Economics; JKM: Investing.com JKMc1
2026-05-05,109.87,114.51,17.035,,,Brent: Trading Economics; spot: EIA via FRED DCOILBRENTEU; JKM: Investing.com JKMc1
2026-05-06,101.27,103.70,16.850,,,Brent: Trading Economics; spot: EIA via FRED DCOILBRENTEU; JKM: Investing.com JKMc1
2026-05-07,100.06,101.82,16.840,,,Brent: Trading Economics; spot: EIA via FRED DCOILBRENTEU; JKM: Investing.com JKMc1
2026-05-08,101.29,103.48,16.870,,,Brent: Trading Economics; spot: EIA via FRED DCOILBRENTEU; JKM: Investing.com JKMc1
2026-05-11,104.21,106.11,16.945,,,Brent: Trading Economics; spot: EIA via FRED DCOILBRENTEU; JKM: Investing.com JKMc1
2026-05-12,107.77,111.37,16.985,,,Brent: Trading Economics; spot: EIA via FRED DCOILBRENTEU; JKM: Investing.com JKMc1
2026-05-13,105.63,110.28,17.020,,,Brent: Trading Economics; spot: EIA via FRED DCOILBRENTEU; JKM: Investing.com JKMc1
2026-05-14,105.72,110.91,17.065,,,Brent: Trading Economics; spot: EIA via FRED DCOILBRENTEU; JKM: Investing.com JKMc1
2026-05-15,109.26,113.96,17.105,,,Brent: Trading Economics; spot: EIA via FRED DCOILBRENTEU; JKM: Investing.com JKMc1
2026-05-18,112.10,116.73,18.960,,,Brent: Trading Economics; spot: EIA via FRED DCOILBRENTEU; JKM: Investing.com JKMc1
2026-05-19,111.28,114.64,19.615,,,Brent: Trading Economics; spot: EIA via FRED DCOILBRENTEU; JKM: Investing.com JKMc1
2026-05-20,105.02,108.93,18.905,,,Brent: Trading Economics; spot: EIA via FRED DCOILBRENTEU; JKM: Investing.com JKMc1
2026-05-21,102.58,105.84,18.920,,,Brent: Trading Economics; spot: EIA via FRED DCOILBRENTEU; JKM: Investing.com JKMc1
2026-05-22,103.54,106.90,18.810,,,Brent: Trading Economics; spot: EIA via FRED DCOILBRENTEU; JKM: Investing.com JKMc1
2026-05-26,96.67,102.75,18.425,,,Brent: Trading Economics; spot: EIA via FRED DCOILBRENTEU; JKM: Investing.com JKMc1
2026-05-27,92.25,97.11,18.235,,,Brent: Trading Economics; spot: EIA via FRED DCOILBRENTEU; JKM: Investing.com JKMc1
2026-05-28,92.70,95.47,18.335,,,Brent: Trading Economics; spot: EIA via FRED DCOILBRENTEU; JKM: Investing.com JKMc1
2026-05-29,91.12,92.88,18.300,,,Brent: Trading Economics; spot: EIA via FRED DCOILBRENTEU; JKM: Investing.com JKMc1
2026-06-01,94.98,98.29,18.685,,,Brent: Trading Economics; spot: EIA via FRED DCOILBRENTEU; JKM: Investing.com JKMc1
2026-06-02,96.00,98.49,18.610,,,Brent: Trading Economics; spot: EIA via FRED DCOILBRENTEU; JKM: Investing.com JKMc1
2026-06-03,97.81,101.69,18.815,,,Brent: Trading Economics; spot: EIA via FRED DCOILBRENTEU; JKM: Investing.com JKMc1
2026-06-04,95.03,98.98,18.765,,,Brent: Trading Economics; spot: EIA via FRED DCOILBRENTEU; JKM: Investing.com JKMc1
2026-06-05,93.09,97.29,18.775,,,Brent: Trading Economics; spot: EIA via FRED DCOILBRENTEU; JKM: Investing.com JKMc1
2026-06-08,94.25,97.46,18.895,,,Brent: Trading Economics; spot: EIA via FRED DCOILBRENTEU; JKM: Investing.com JKMc1
2026-06-09,91.45,94.15,18.885,,,Brent: Trading Economics; spot: EIA via FRED DCOILBRENTEU; JKM: Investing.com JKMc1
2026-06-10,93.10,95.73,18.915,,,Brent: Trading Economics; spot: EIA via FRED DCOILBRENTEU; JKM: Investing.com JKMc1
2026-06-11,90.38,92.84,18.920,,,Brent: Trading Economics; spot: EIA via FRED DCOILBRENTEU; JKM: Investing.com JKMc1
2026-06-12,87.33,88.64,18.855,,,Brent: Trading Economics; spot: EIA via FRED DCOILBRENTEU; JKM: Investing.com JKMc1
2026-06-15,83.17,84.36,18.783,,,Brent: Trading Economics; spot: EIA via FRED DCOILBRENTEU; JKM: Investing.com JKMc1
2026-06-16,78.96,80.50,15.940,,,Brent: Trading Economics; spot: EIA via FRED DCOILBRENTEU; JKM: Investing.com JKMc1
2026-06-17,79.55,80.33,15.820,,,Brent: Trading Economics; spot: EIA via FRED DCOILBRENTEU; JKM: Investing.com JKMc1
2026-06-18,79.85,79.35,15.315,,,Brent: Trading Economics; spot: EIA via FRED DCOILBRENTEU; JKM: Investing.com JKMc1
2026-06-19,80.589,80.46,,,,Brent: Trading Economics; spot: EIA via FRED DCOILBRENTEU
2026-06-22,77.90,76.49,15.860,,,Brent: Trading Economics; spot: EIA via FRED DCOILBRENTEU; JKM: Investing.com JKMc1
2026-06-23,77.08,75.69,15.740,,,Brent: Trading Economics; spot: EIA via FRED DCOILBRENTEU; JKM: Investing.com JKMc1
2026-06-24,73.74,72.09,15.550,,,Brent: Trading Economics; spot: EIA via FRED DCOILBRENTEU; JKM: Investing.com JKMc1
2026-06-25,75.50,73.74,15.385,,,Brent: Trading Economics; spot: EIA via FRED DCOILBRENTEU; JKM: Investing.com JKMc1
2026-06-26,72.60,70.16,15.525,,,Brent: Trading Economics; spot: EIA via FRED DCOILBRENTEU; JKM: Investing.com JKMc1
2026-06-29,73.91,71.59,15.820,,,Brent: Trading Economics; spot: EIA via FRED DCOILBRENTEU; JKM: Investing.com JKMc1
2026-06-30,72.95,70.46,16.050,,,Brent: Trading Economics; spot: EIA via FRED DCOILBRENTEU; JKM: Investing.com JKMc1
2026-07-01,71.57,69.24,16.025,,,Brent: Trading Economics; spot: EIA via FRED DCOILBRENTEU; JKM: Investing.com JKMc1
2026-07-02,71.80,68.53,16.080,,,Brent: Trading Economics; spot: EIA via FRED DCOILBRENTEU; JKM: Investing.com JKMc1
2026-07-03,72.102,68.68,,,,Brent: Trading Economics; spot: EIA via FRED DCOILBRENTEU
2026-07-06,71.99,69.56,16.065,,,Brent: Trading Economics; spot: EIA via FRED DCOILBRENTEU; JKM: Investing.com JKMc1
2026-07-07,74.16,71.78,16.175,,,Brent: Trading Economics; spot: EIA via FRED DCOILBRENTEU; JKM: Investing.com JKMc1
2026-07-08,78.02,76.50,16.510,,,Brent: Trading Economics; spot: EIA via FRED DCOILBRENTEU; JKM: Investing.com JKMc1
2026-07-09,76.30,74.46,16.575,,,Brent: Trading Economics; spot: EIA via FRED DCOILBRENTEU; JKM: Investing.com JKMc1
2026-07-10,76.01,74.34,16.520,,,Brent: Trading Economics; spot: EIA via FRED DCOILBRENTEU; JKM: Investing.com JKMc1
2026-07-13,83.30,81.62,16.530,,,Brent: Trading Economics; spot: EIA via FRED DCOILBRENTEU; JKM: Investing.com JKMc1
2026-07-14,84.73,83.69,16.655,,,Brent: Trading Economics; spot: EIA via FRED DCOILBRENTEU; JKM: Investing.com JKMc1
2026-07-15,84.95,83.08,16.808,,,Brent: Trading Economics; spot: EIA via FRED DCOILBRENTEU; JKM: Investing.com JKMc1
2026-07-16,84.23,81.23,19.925,,,Brent: Trading Economics; spot: EIA via FRED DCOILBRENTEU; JKM: Investing.com JKMc1
2026-07-17,88.10,85.01,20.985,,,Brent: Trading Economics; spot: EIA via FRED DCOILBRENTEU; JKM: Investing.com JKMc1
2026-07-20,89.22,86.99,21.025,,,Brent: Trading Economics; spot: EIA via FRED DCOILBRENTEU; JKM: Investing.com JKMc1
2026-07-21,91.01,93.85,21.335,,,Brent: Trading Economics; spot: EIA via FRED DCOILBRENTEU; JKM: Investing.com JKMc1
2026-07-22,94.07,94.12,22.000,,,Brent: Trading Economics; spot: EIA via FRED DCOILBRENTEU; JKM: Investing.com JKMc1
2026-07-23,100.69,105.32,21.825,,,Brent: Trading Economics; spot: EIA via FRED DCOILBRENTEU; JKM: Investing.com JKMc1
2026-07-24,96.78,100.31,22.000,,,Brent: Trading Economics; spot: EIA via FRED DCOILBRENTEU; JKM: Investing.com JKMc1
2026-07-27,88.36,91.82,21.430,,,Brent: Trading Economics; spot: EIA via FRED DCOILBRENTEU; JKM: Investing.com JKMc1
2026-07-28,82.08,85.51,21.325,,,Brent: Trading Economics; spot: EIA via FRED DCOILBRENTEU; JKM: Investing.com JKMc1
2026-07-29,88.09,91.95,21.430,,,Brent: Trading Economics; spot: EIA via FRED DCOILBRENTEU; JKM: Investing.com JKMc1
2026-07-30,86.88,91.91,21.375,,,Brent: Trading Economics; spot: EIA via FRED DCOILBRENTEU; JKM: Investing.com JKMc1
2026-07-31,87.93,96.95,21.450,,,Brent: Trading Economics; spot: EIA via FRED DCOILBRENTEU; JKM: Investing.com JKMc1
2026-08-03,83.77,88.90,21.255,,,Brent: Trading Economics; spot: EIA via FRED DCOILBRENTEU; JKM: Investing.com JKMc1
2026-08-04,79.36,86.47,21.175,,,Brent: Trading Economics; spot: EIA via FRED DCOILBRENTEU; JKM: Investing.com JKMc1
2026-08-05,79.45,86.65,20.915,,,Brent: Trading Economics; spot: EIA via FRED DCOILBRENTEU; JKM: Investing.com JKMc1
2026-08-06,82.49,89.65,21.140,,,Brent: Trading Economics; spot: EIA via FRED DCOILBRENTEU; JKM: Investing.com JKMc1
2026-08-07,83.55,87.62,21.115,,,Brent: Trading Economics; spot: EIA via FRED DCOILBRENTEU; JKM: Investing.com JKMc1
2026-08-10,87.72,92.74,21.260,,,Brent: Trading Economics; spot: EIA via FRED DCOILBRENTEU; JKM: Investing.com JKMc1
2026-08-11,88.91,93.26,21.185,,,Brent: Trading Economics; spot: EIA via FRED DCOILBRENTEU; JKM: Investing.com JKMc1
2026-08-12,88.98,92.52,21.240,,,Brent: Trading Economics; spot: EIA via FRED DCOILBRENTEU; JKM: Investing.com JKMc1
2026-08-13,87.07,92.03,21.195,,,Brent: Trading Economics; spot: EIA via FRED DCOILBRENTEU; JKM: Investing.com JKMc1
2026-08-14,88.52,92.02,21.219,,,Brent: Trading Economics; spot: EIA via FRED DCOILBRENTEU; JKM: Investing.com JKMc1
2026-08-17,90.87,92.43,21.615,,,Brent: Trading Economics; spot: EIA via FRED DCOILBRENTEU; JKM: Investing.com JKMc1
2026-08-18,91.02,95.29,21.885,,,Brent: Trading Economics; spot: EIA via FRED DCOILBRENTEU; JKM: Investing.com JKMc1
2026-08-19,91.62,92.37,22.085,,,Brent: Trading Economics; spot: EIA via FRED DCOILBRENTEU; JKM: Investing.com JKMc1
2026-08-20,93.78,94.00,22.610,,,Brent: Trading Economics; spot: EIA via FRED DCOILBRENTEU; JKM: Investing.com JKMc1
2026-08-21,94.39,96.92,22.940,,,Brent: Trading Economics; spot: EIA via FRED DCOILBRENTEU; JKM: Investing.com JKMc1
2026-08-24,92.17,92.71,23.510,,,Brent: Trading Economics; spot: EIA via FRED DCOILBRENTEU; JKM: Investing.com JKMc1
2026-08-25,87.27,88.24,23.320,,,Brent: Trading Economics; spot: EIA via FRED DCOILBRENTEU; JKM: Investing.com JKMc1
2026-08-26,86.94,87.77,22.945,,,Brent: Trading Economics; spot: EIA via FRED DCOILBRENTEU; JKM: Investing.com JKMc1
2026-08-27,88.52,90.18,23.410,,,Brent: Trading Economics; spot: EIA via FRED DCOILBRENTEU; JKM: Investing.com JKMc1
2026-08-28,88.10,89.75,23.175,,,Brent: Trading Economics; spot: EIA via FRED DCOILBRENTEU; JKM: Investing.com JKMc1
2026-08-31,90.49,,22.705,,,Brent: Trading Economics; JKM: Investing.com JKMc1
2026-09-01,94.65,96.02,23.615,,,Brent: Trading Economics; spot: EIA via FRED DCOILBRENTEU; JKM: Investing.com JKMc1
2026-09-02,95.63,97.59,23.760,,,Brent: Trading Economics; spot: EIA via FRED DCOILBRENTEU; JKM: Investing.com JKMc1
2026-09-03,95.52,100.52,24.090,,,Brent: Trading Economics; spot: EIA via FRED DCOILBRENTEU; JKM: Investing.com JKMc1
2026-09-04,96.28,102.24,24.025,,,Brent: Trading Economics; spot: EIA via FRED DCOILBRENTEU; JKM: Investing.com JKMc1
2026-09-07,97.161,104.47,,,,Brent: Trading Economics; spot: EIA via FRED DCOILBRENTEU
2026-09-08,97.92,106.12,24.385,,,Brent: Trading Economics; spot: EIA via FRED DCOILBRENTEU; JKM: Investing.com JKMc1
2026-09-09,101.21,109.51,24.685,,,Brent: Trading Economics; spot: EIA via FRED DCOILBRENTEU; JKM: Investing.com JKMc1
2026-09-10,107.63,120.98,24.815,,,Brent: Trading Economics; spot: EIA via FRED DCOILBRENTEU; JKM: Investing.com JKMc1
2026-09-11,104.61,118.06,24.885,,,Brent: Trading Economics; spot: EIA via FRED DCOILBRENTEU; JKM: Investing.com JKMc1
2026-09-14,105.68,121.25,25.060,,,Brent: Trading Economics; spot: EIA via FRED DCOILBRENTEU; JKM: Investing.com JKMc1
2026-09-15,108.75,130.80,25.208,,,Brent: Trading Economics; spot: EIA via FRED DCOILBRENTEU; JKM: Investing.com JKMc1
2026-09-16,105.83,127.84,27.225,,,Brent: Trading Economics; spot: EIA via FRED DCOILBRENTEU; JKM: Investing.com JKMc1
2026-09-17,104.82,121.18,26.750,,,Brent: Trading Economics; spot: EIA via FRED DCOILBRENTEU; JKM: Investing.com JKMc1
2026-09-18,103.87,119.66,27.510,,,Brent: Trading Economics; spot: EIA via FRED DCOILBRENTEU; JKM: Investing.com JKMc1
2026-09-21,100.34,116.15,25.990,,,Brent: Trading Economics; spot: EIA via FRED DCOILBRENTEU; JKM: Investing.com JKMc1
2026-09-22,99.25,114.89,26.050,,,Brent: Trading Economics; spot: EIA via FRED DCOILBRENTEU; JKM: Investing.com JKMc1
2026-09-23,103.08,117.45,25.725,,,Brent: Trading Economics; spot: EIA via FRED DCOILBRENTEU; JKM: Investing.com JKMc1
2026-09-24,106.60,120.92,26.380,,,Brent: Trading Economics; spot: EIA via FRED DCOILBRENTEU; JKM: Investing.com JKMc1
2026-09-25,97.44,116.01,25.815,,,Brent: Trading Economics; spot: EIA via FRED DCOILBRENTEU; JKM: Investing.com JKMc1
2026-09-28,97.83,119.97,26.080,,,Brent: Trading Economics; spot: EIA via FRED DCOILBRENTEU; JKM: Investing.com JKMc1
2026-09-29,96.16,113.96,25.435,,,Brent: Trading Economics; spot: EIA via FRED DCOILBRENTEU; JKM: Investing.com JKMc1
2026-09-30,98.03,,25.740,,,Brent: Trading Economics; JKM: Investing.com JKMc1
2026-10-01,102.31,,25.785,,,Brent: Trading Economics; JKM: Investing.com JKMc1
2026-10-02,102.25,,25.705,,,Brent: Trading Economics; JKM: Investing.com JKMc1
2026-10-05,100.32,,25.715,,,Brent: Trading Economics; JKM: Investing.com JKMc1
2026-10-06,100.58,,25.880,97.59,25.84,"Brent: Trading Economics; JKM: Investing.com JKMc1; Nov. 3 contracts (Brent Jan., JKM Dec.): ICE settlements"
