id,made_on,question,p,resolves_on,resolution_rule,outcome,resolved_on,notes
war_nov3,2026-10-04,War scenario (any) by Nov 3,55,2026-11-03,"1 if a claimed kinetic round by either side (US strike on Iran, or IRGC-claimed hit on shipping/US/regional targets) occurs Oct 5–Nov 3",,,sum of three war rows
deal_prenov3,2026-10-04,Signed US-Iran deal before Nov 3,5,2026-11-03,1 if a signed deal or agreed text is announced by Nov 3,,,
gas_nat_450,2026-10-04,AAA national regular >= $4.50 on Nov 3,38,2026-11-03,AAA national regular as shown on Nov 3,,,derived from scenario rows x gas bands
gas_nat_475,2026-10-04,AAA national regular >= $4.75 on Nov 3,9,2026-11-03,AAA national regular as shown on Nov 3,,,
gas_nat_500,2026-10-04,AAA national regular >= $5.00 on Nov 3,4,2026-11-03,AAA national regular as shown on Nov 3,,,
gas_nat_lt400,2026-10-04,AAA national regular < $4.00 on Nov 3,8,2026-11-03,AAA national regular as shown on Nov 3,,,
gas_nyc_475,2026-10-04,AAA NYC metro regular >= $4.75 on Nov 3,25,2026-11-03,AAA NYC metro regular as shown on Nov 3,,,
gas_nyc_500,2026-10-04,AAA NYC metro regular >= $5.00 on Nov 3,7,2026-11-03,AAA NYC metro regular as shown on Nov 3,,,
gas_diesel_650,2026-10-04,AAA national diesel >= $6.50 on Nov 3,35,2026-11-03,AAA national diesel as shown on Nov 3,,,
saudi_strike_nov3,2026-10-04,Strike on a Saudi shuttle or STS-zone ship by Nov 3,30,2026-11-03,1 if a confirmed hit on a Saudi-shuttle or Sohar/Fujairah STS-loop vessel,,,
houthi_yanbu_nov3,2026-10-04,Houthi hit (not intercepted) on Yanbu/East-West by Nov 3,40,2026-11-03,1 if a confirmed non-intercepted Houthi strike on Yanbu or the East-West line,void,2026-10-05,"voided Oct 7: the Khurais strike happened the day the forecast was made, so it can't be scored. Khurais pumping station hit Oct 4 (Houthi-claimed); flow briefly halted then restored. Event coincided with made_on"
houthi_shipping_nov3,2026-10-04,Houthi hit on non-Saudi shipping by Nov 3,20,2026-11-03,1 if a confirmed Houthi hit on a non-Saudi commercial vessel,,,
us_vs_houthis_nov3,2026-10-04,US joins strikes on Houthis by Nov 3,10,2026-11-03,1 if US forces strike Houthi targets,,,
surge_nov3,2026-10-04,Real US surge before Nov 3,10,2026-11-03,"1 if 3 carriers on station simultaneously, Diego Garcia bombers, or extra air defense deployed",,,
blink10_blink,2026-10-04,Blink #10 resolves as a blink,38,2026-12-31,See state/taco.md Blink #10 definition,,,Blink #10 outcomes sum to 100
blink10_noblink,2026-10-04,Blink #10 resolves as no blink,38,2026-12-31,See state/taco.md Blink #10 definition,,,
blink10_open,2026-10-04,Blink #10 unresolved on Dec 31,24,2026-12-31,See state/taco.md Blink #10 definition,,,
deal_ye2026,2026-10-04,War-ending deal by end-2026,16,2026-12-31,1 if a signed war-ending deal by Dec 31 2026,,,= ye2026 deal in odds.csv
war_ye2026,2026-10-04,War resumed by end-2026,48,2026-12-31,1 if a claimed kinetic round occurs by Dec 31 2026,,,
surge_ye2026,2026-10-04,Real US surge by end-2026,45,2026-12-31,"1 if 3 carriers on station simultaneously, Diego Garcia bombers, or extra air defense deployed",,,
nuke_deal_2026,2026-10-04,Comprehensive nuclear deal in 2026,6,2026-12-31,1 if a deal includes verifiable enrichment cap / IAEA access at Pickaxe,,,<= deal_ye2026 x P(IAEA term)
deal_ye2027,2026-10-04,War-ending deal by end-2027,34,2027-12-31,1 if a signed war-ending deal by Dec 31 2027,,,
hormuz_20_ye2027,2026-10-04,Hormuz back to ~20 Mbd (all liquids monthly) by end-2027,20,2027-12-31,1 if a Kpler/Vortexa monthly figure >= 19.5 Mbd,void,2026-10-06,voided: replaced by hormuz_20_ye2026
war_nov3,2026-10-05,War scenario (any) by Nov 3,60,2026-11-03,"1 if a claimed kinetic round by either side (US strike on Iran, or IRGC-claimed hit on shipping/US/regional targets) occurs Oct 5–Nov 3",,,sum of three war rows; infra +3 after Khurais hit; pm: +2 tw_uae_third (Uhud)
deal_prenov3,2026-10-05,Signed US-Iran deal before Nov 3,4,2026-11-03,1 if a signed deal or agreed text is announced by Nov 3,,,Pezeshkian: talks meaningless
gas_nat_450,2026-10-05,AAA national regular >= $4.50 on Nov 3,41,2026-11-03,AAA national regular as shown on Nov 3,,,derived from scenario rows x gas bands; pm: +2 infra
gas_nat_475,2026-10-05,AAA national regular >= $4.75 on Nov 3,14,2026-11-03,AAA national regular as shown on Nov 3,,,tw_saudi_infra fired; scaled below 16 as flow restored; pm: +2 infra (tw_uae_third)
gas_nat_500,2026-10-05,AAA national regular >= $5.00 on Nov 3,5,2026-11-03,AAA national regular as shown on Nov 3,,,
gas_nyc_475,2026-10-05,AAA NYC metro regular >= $4.75 on Nov 3,30,2026-11-03,AAA NYC metro regular as shown on Nov 3,,,
gas_nyc_500,2026-10-05,AAA NYC metro regular >= $5.00 on Nov 3,8,2026-11-03,AAA NYC metro regular as shown on Nov 3,,,
deal_ye2026,2026-10-05,War-ending deal by end-2026,15,2026-12-31,1 if a signed war-ending deal by Dec 31 2026,,,= ye2026 deal in odds.csv
war_ye2026,2026-10-05,War resumed by end-2026,49,2026-12-31,1 if a claimed kinetic round occurs by Dec 31 2026,,,
deal_ye2027,2026-10-05,War-ending deal by end-2027,33,2027-12-31,1 if a signed war-ending deal by Dec 31 2027,,,
gas_diesel_650,2026-10-06,AAA national diesel >= $6.50 on Nov 3,41,2026-11-03,AAA national diesel as shown on Nov 3,,,re-derived from scenario rows x new diesel bands (scenarios.csv diesel_band); was 35 before bands existed
gas_diesel_675,2026-10-06,AAA national diesel >= $6.75 on Nov 3,18,2026-11-03,AAA national diesel as shown on Nov 3,,,derived from scenario rows x diesel bands
gas_diesel_700,2026-10-06,AAA national diesel >= $7.00 on Nov 3,11,2026-11-03,AAA national diesel as shown on Nov 3,,,derived from scenario rows x diesel bands
gas_diesel_lt600,2026-10-06,AAA national diesel < $6.00 on Nov 3,18,2026-11-03,AAA national diesel as shown on Nov 3,,,derived from scenario rows x diesel bands
hormuz_20_ye2026,2026-10-06,Hormuz back to ~20 Mbd (all liquids monthly) by end-2026,4,2026-12-31,1 if a Kpler/Vortexa monthly figure >= 19.5 Mbd for any month through Dec 2026,,,"replaces the end-2027 card; needs a deal (15%) plus mine clearance and insurance normalising within weeks, ~25% given a deal"
brent_lt90,2026-10-07,ICE Brent (Jan. contract) < $90 on Nov 3,17,2026-11-03,ICE Brent January 2027 contract settle on Nov 3 (the front month after December expires Oct 30),,,"same-day revision: re-derived Oct 7 from the four scenarios' weighted sub-bands (scenarios.csv); escalated on the 7-day rule; bands sit ~$3 under December futures for backwardation (Nov/Dec was ~$5 at the Sept 30 expiry, halved for expiry-day distortion)"
brent_100,2026-10-07,ICE Brent (Jan. contract) >= $100 on Nov 3,65,2026-11-03,ICE Brent January 2027 contract settle on Nov 3 (the front month after December expires Oct 30),,,"same-day revision: re-derived Oct 7 from the four scenarios' weighted sub-bands (scenarios.csv); escalated on the 7-day rule; bands sit ~$3 under December futures for backwardation (Nov/Dec was ~$5 at the Sept 30 expiry, halved for expiry-day distortion)"
brent_110,2026-10-07,ICE Brent (Jan. contract) >= $110 on Nov 3,11,2026-11-03,ICE Brent January 2027 contract settle on Nov 3 (the front month after December expires Oct 30),,,"same-day revision: re-derived Oct 7 from the four scenarios' weighted sub-bands (scenarios.csv); escalated on the 7-day rule; bands sit ~$3 under December futures for backwardation (Nov/Dec was ~$5 at the Sept 30 expiry, halved for expiry-day distortion)"
brent_120,2026-10-07,ICE Brent (Jan. contract) >= $120 on Nov 3,4,2026-11-03,ICE Brent January 2027 contract settle on Nov 3 (the front month after December expires Oct 30),,,"same-day revision: re-derived Oct 7 from the four scenarios' weighted sub-bands (scenarios.csv); escalated on the 7-day rule; bands sit ~$3 under December futures for backwardation (Nov/Dec was ~$5 at the Sept 30 expiry, halved for expiry-day distortion)"
lng_jkm_lt20,2026-10-07,JKM LNG (Dec. contract) < $20 on Nov 3,5,2026-11-03,JKM December 2026 contract close on Nov 3 (the front month after November expires mid-October; CME/Investing.com JKMc1),,,same-day revision: re-derived Oct 7 from the four scenarios' weighted sub-bands (scenarios.csv); escalated on the 7-day rule
lng_jkm_25,2026-10-07,JKM LNG (Dec. contract) >= $25 on Nov 3,73,2026-11-03,JKM December 2026 contract close on Nov 3 (the front month after November expires mid-October; CME/Investing.com JKMc1),,,same-day revision: re-derived Oct 7 from the four scenarios' weighted sub-bands (scenarios.csv); escalated on the 7-day rule
lng_jkm_28,2026-10-07,JKM LNG (Dec. contract) >= $28 on Nov 3,30,2026-11-03,JKM December 2026 contract close on Nov 3 (the front month after November expires mid-October; CME/Investing.com JKMc1),,,same-day revision: re-derived Oct 7 from the four scenarios' weighted sub-bands (scenarios.csv); escalated on the 7-day rule
lng_jkm_31,2026-10-07,JKM LNG (Dec. contract) >= $31 on Nov 3,5,2026-11-03,JKM December 2026 contract close on Nov 3 (the front month after November expires mid-October; CME/Investing.com JKMc1),,,same-day revision: re-derived Oct 7 from the four scenarios' weighted sub-bands (scenarios.csv); escalated on the 7-day rule
gas_nat_lt400,2026-10-07,AAA national regular < $4.00 on Nov 3,6,2026-11-03,AAA national regular as shown on Nov 3,,,re-derived Oct 7 from the four scenarios' weighted sub-bands (scenarios.csv); escalated on the 7-day rule
gas_nat_450,2026-10-07,AAA national regular >= $4.50 on Nov 3,37,2026-11-03,AAA national regular as shown on Nov 3,,,re-derived Oct 7 from the four scenarios' weighted sub-bands (scenarios.csv); escalated on the 7-day rule
gas_nat_475,2026-10-07,AAA national regular >= $4.75 on Nov 3,7,2026-11-03,AAA national regular as shown on Nov 3,,,re-derived Oct 7 from the four scenarios' weighted sub-bands (scenarios.csv); escalated on the 7-day rule
gas_nat_500,2026-10-07,AAA national regular >= $5.00 on Nov 3,2,2026-11-03,AAA national regular as shown on Nov 3,,,re-derived Oct 7 from the four scenarios' weighted sub-bands (scenarios.csv); escalated on the 7-day rule
gas_nyc_475,2026-10-07,AAA NYC metro regular >= $4.75 on Nov 3,20,2026-11-03,AAA NYC metro regular as shown on Nov 3,,,re-derived Oct 7 from the four scenarios' weighted sub-bands (scenarios.csv); escalated on the 7-day rule
gas_nyc_500,2026-10-07,AAA NYC metro regular >= $5.00 on Nov 3,6,2026-11-03,AAA NYC metro regular as shown on Nov 3,,,re-derived Oct 7 from the four scenarios' weighted sub-bands (scenarios.csv); escalated on the 7-day rule
gas_diesel_lt600,2026-10-07,AAA national diesel < $6.00 on Nov 3,17,2026-11-03,AAA national diesel as shown on Nov 3,,,re-derived Oct 7 from the four scenarios' weighted sub-bands (scenarios.csv); escalated on the 7-day rule
gas_diesel_650,2026-10-07,AAA national diesel >= $6.50 on Nov 3,37,2026-11-03,AAA national diesel as shown on Nov 3,,,re-derived Oct 7 from the four scenarios' weighted sub-bands (scenarios.csv); escalated on the 7-day rule
gas_diesel_675,2026-10-07,AAA national diesel >= $6.75 on Nov 3,11,2026-11-03,AAA national diesel as shown on Nov 3,,,re-derived Oct 7 from the four scenarios' weighted sub-bands (scenarios.csv); escalated on the 7-day rule
gas_diesel_700,2026-10-07,AAA national diesel >= $7.00 on Nov 3,6,2026-11-03,AAA national diesel as shown on Nov 3,,,re-derived Oct 7 from the four scenarios' weighted sub-bands (scenarios.csv); escalated on the 7-day rule
war_nov3,2026-10-07,War scenario (any) by Nov 3,45,2026-11-03,"1 if, Oct 5–Nov 3, the US strikes Iran, or Iran's armed forces (IRGC or Artesh) officially claim a specific attack on shipping, US forces or regional targets that is independently confirmed (UKMTO, CENTCOM, vessel ID or imagery). Media tallies without a named target (Fars '13 violators') and claims credibly denied with no confirmation (Oct 6 helicopter) do not count.",,,"rule tightened Oct 7 (official claim of a specific, confirmed attack): only one claim (Cape Dao, Sep 23) against ~8 unclaimed hits since; no US strike since Sep 10; WSJ: bombing resumes after the election"
scen_nov3_limited_war,2026-10-07,Limited war / Limbo by Nov 3,82,2026-11-03,"Scenario in force on Nov 3: a signed deal wins (comprehensive if Iran concedes a Rubio term, else MOU-style); otherwise an interim truce or enhanced MOU in force that day is MOU-style, even after earlier strikes; otherwise escalated war if, from Oct 7, US or allied ground forces operated inside Iran or seized Iranian territory, the US or Israel struck Iranian civilian infrastructure (power plants, bridges, desalination, refineries, the Kharg terminal), or a hit knocked a major Gulf export hub, power or desalination plant offline 7+ days (a strike campaign on military targets or an East-West pipeline outage doesn't count); otherwise limited war / limbo.",,,scored copy of odds.csv; must match the latest odds
scen_nov3_escalated_war,2026-10-07,Escalated war by Nov 3,7,2026-11-03,"Scenario in force on Nov 3: a signed deal wins (comprehensive if Iran concedes a Rubio term, else MOU-style); otherwise an interim truce or enhanced MOU in force that day is MOU-style, even after earlier strikes; otherwise escalated war if, from Oct 7, US or allied ground forces operated inside Iran or seized Iranian territory, the US or Israel struck Iranian civilian infrastructure (power plants, bridges, desalination, refineries, the Kharg terminal), or a hit knocked a major Gulf export hub, power or desalination plant offline 7+ days (a strike campaign on military targets or an East-West pipeline outage doesn't count); otherwise limited war / limbo.",,,scored copy of odds.csv; must match the latest odds
scen_nov3_mou_deal,2026-10-07,MOU-style deal by Nov 3,10,2026-11-03,"Scenario in force on Nov 3: a signed deal wins (comprehensive if Iran concedes a Rubio term, else MOU-style); otherwise an interim truce or enhanced MOU in force that day is MOU-style, even after earlier strikes; otherwise escalated war if, from Oct 7, US or allied ground forces operated inside Iran or seized Iranian territory, the US or Israel struck Iranian civilian infrastructure (power plants, bridges, desalination, refineries, the Kharg terminal), or a hit knocked a major Gulf export hub, power or desalination plant offline 7+ days (a strike campaign on military targets or an East-West pipeline outage doesn't count); otherwise limited war / limbo.",,,scored copy of odds.csv; must match the latest odds
scen_nov3_comprehensive_deal,2026-10-07,Comprehensive deal by Nov 3,1,2026-11-03,"Scenario in force on Nov 3: a signed deal wins (comprehensive if Iran concedes a Rubio term, else MOU-style); otherwise an interim truce or enhanced MOU in force that day is MOU-style, even after earlier strikes; otherwise escalated war if, from Oct 7, US or allied ground forces operated inside Iran or seized Iranian territory, the US or Israel struck Iranian civilian infrastructure (power plants, bridges, desalination, refineries, the Kharg terminal), or a hit knocked a major Gulf export hub, power or desalination plant offline 7+ days (a strike campaign on military targets or an East-West pipeline outage doesn't count); otherwise limited war / limbo.",,,scored copy of odds.csv; must match the latest odds
scen_ye2026_limited_war,2026-10-07,Limited war / Limbo by Dec 31,66,2026-12-31,"Scenario in force on Dec 31: a signed deal wins (comprehensive if Iran concedes a Rubio term, else MOU-style); otherwise an interim truce or enhanced MOU in force that day is MOU-style, even after earlier strikes; otherwise escalated war if, from Oct 7, US or allied ground forces operated inside Iran or seized Iranian territory, the US or Israel struck Iranian civilian infrastructure (power plants, bridges, desalination, refineries, the Kharg terminal), or a hit knocked a major Gulf export hub, power or desalination plant offline 7+ days (a strike campaign on military targets or an East-West pipeline outage doesn't count); otherwise limited war / limbo.",,,scored copy of odds.csv; must match the latest odds
scen_ye2026_escalated_war,2026-10-07,Escalated war by Dec 31,12,2026-12-31,"Scenario in force on Dec 31: a signed deal wins (comprehensive if Iran concedes a Rubio term, else MOU-style); otherwise an interim truce or enhanced MOU in force that day is MOU-style, even after earlier strikes; otherwise escalated war if, from Oct 7, US or allied ground forces operated inside Iran or seized Iranian territory, the US or Israel struck Iranian civilian infrastructure (power plants, bridges, desalination, refineries, the Kharg terminal), or a hit knocked a major Gulf export hub, power or desalination plant offline 7+ days (a strike campaign on military targets or an East-West pipeline outage doesn't count); otherwise limited war / limbo.",,,scored copy of odds.csv; must match the latest odds
scen_ye2026_mou_deal,2026-10-07,MOU-style deal by Dec 31,14,2026-12-31,"Scenario in force on Dec 31: a signed deal wins (comprehensive if Iran concedes a Rubio term, else MOU-style); otherwise an interim truce or enhanced MOU in force that day is MOU-style, even after earlier strikes; otherwise escalated war if, from Oct 7, US or allied ground forces operated inside Iran or seized Iranian territory, the US or Israel struck Iranian civilian infrastructure (power plants, bridges, desalination, refineries, the Kharg terminal), or a hit knocked a major Gulf export hub, power or desalination plant offline 7+ days (a strike campaign on military targets or an East-West pipeline outage doesn't count); otherwise limited war / limbo.",,,scored copy of odds.csv; must match the latest odds
scen_ye2026_comprehensive_deal,2026-10-07,Comprehensive deal by Dec 31,8,2026-12-31,"Scenario in force on Dec 31: a signed deal wins (comprehensive if Iran concedes a Rubio term, else MOU-style); otherwise an interim truce or enhanced MOU in force that day is MOU-style, even after earlier strikes; otherwise escalated war if, from Oct 7, US or allied ground forces operated inside Iran or seized Iranian territory, the US or Israel struck Iranian civilian infrastructure (power plants, bridges, desalination, refineries, the Kharg terminal), or a hit knocked a major Gulf export hub, power or desalination plant offline 7+ days (a strike campaign on military targets or an East-West pipeline outage doesn't count); otherwise limited war / limbo.",,,scored copy of odds.csv; must match the latest odds
blink10_blink,2026-10-07,Blink #10 resolves as a blink,70,2026-12-31,See state/taco.md Blink #10 definition,,,re-derived from YE odds: every Dec 31 path resolves; blink = no Rubio-term deal and no Jul-scale campaign
blink10_noblink,2026-10-07,Blink #10 resolves as no blink,30,2026-12-31,See state/taco.md Blink #10 definition,,,YE comprehensive 8 + Jul-scale campaign hitting Pickaxe/Kharg/leadership by Dec 31 ~22 (WSJ: bombing expected to resume in Nov)
blink10_open,2026-10-07,Blink #10 unresolved on Dec 31,0,2026-12-31,See state/taco.md Blink #10 definition,,,the definition always resolves on Dec 31 (neither deal nor campaign = blink)
deal_ye2026,2026-10-07,War-ending deal by end-2026,13,2026-12-31,1 if a signed war-ending deal by Dec 31 2026,,,"-2: Vance (Reuters, Oct 5-6) makes a 'meaningful' cut in enrichment capacity a US condition, raising the bar for any signed deal"
deal_ye2027,2026-10-07,War-ending deal by end-2027,31,2027-12-31,1 if a signed war-ending deal by Dec 31 2027,,,-2 with the 2026 deal (Vance enrichment-capacity condition)
