date,nat_regular,nat_diesel,ny_regular,ny_diesel,nyc_regular,nyc_diesel,source
2026-01-01,2.833,,,,,,backfill: AAA national weekly (gasprices.aaa.com); wk-ago in 1/08 post (Jan 1 figure)
2026-01-06,2.82,3.53,,,,,backfill: AAA Oregon/Idaho weekly
2026-01-08,2.819,,3.01,,,,backfill: AAA national weekly (gasprices.aaa.com)
2026-01-12,2.79,,2.99,,,,backfill: AAA Northeast weekly; conflict: below 1/08 (2.819) and 1/13 (2.82)
2026-01-13,2.82,3.51,,,,,backfill: AAA Oregon/Idaho weekly
2026-01-15,2.844,,,,,,backfill: AAA national weekly (gasprices.aaa.com)
2026-01-19,2.825,,2.97,,,,backfill: AAA national weekly (gasprices.aaa.com) + AAA Northeast weekly; mo-ago in 2/19 post; NE 2.82
2026-01-20,2.82,3.51,,,,,backfill: AAA Oregon/Idaho weekly
2026-01-22,2.850,,,,,,backfill: AAA national weekly (gasprices.aaa.com)
2026-01-27,2.89,3.59,,,,,backfill: AAA Oregon/Idaho weekly
2026-01-29,2.874,,,,,,backfill: AAA national weekly (gasprices.aaa.com)
2026-02-02,2.87,,2.98,,,,backfill: AAA Northeast weekly
2026-02-03,2.88,3.63,,,,,backfill: AAA Oregon/Idaho weekly
2026-02-05,2.891,,,,,,backfill: AAA national weekly (gasprices.aaa.com)
2026-02-09,2.90,,2.98,,,,backfill: AAA Northeast weekly
2026-02-12,2.944,,,,,,backfill: AAA national weekly (gasprices.aaa.com)
2026-02-17,2.92,3.65,,,,,backfill: AAA Oregon/Idaho weekly
2026-02-19,2.929,,,,,,backfill: AAA national weekly (gasprices.aaa.com)
2026-02-24,2.95,3.73,,,,,backfill: AAA Oregon/Idaho weekly
2026-02-26,2.983,,,,,,backfill: AAA national weekly (gasprices.aaa.com); last pre-war post
2026-03-02,2.997,,3.00,,,,backfill: AAA national weekly (gasprices.aaa.com) + AAA Northeast weekly; mo-ago in 4/02 post; NE 2.99
2026-03-03,3.11,3.89,,,,,backfill: AAA Oregon/Idaho weekly
2026-03-05,3.251,,,,,,backfill: AAA national weekly (gasprices.aaa.com)
2026-03-09,3.478,,3.39,,,,backfill: AAA national weekly (gasprices.aaa.com) + AAA Northeast weekly; mo-ago in 4/09 post
2026-03-10,3.54,4.78,,,,,backfill: AAA Oregon/Idaho weekly
2026-03-12,3.598,,,,,,backfill: AAA national weekly (gasprices.aaa.com)
2026-03-16,3.718,,3.61,,,,backfill: AAA national weekly (gasprices.aaa.com) + AAA Northeast weekly; mo-ago in 4/16 post
2026-03-17,3.79,5.04,,,,,backfill: AAA Oregon/Idaho weekly
2026-03-19,3.884,,,,,,backfill: AAA national weekly (gasprices.aaa.com)
2026-03-23,3.956,,3.85,,,,backfill: AAA national weekly (gasprices.aaa.com) + AAA Northeast weekly; mo-ago in 4/23 post
2026-03-24,3.98,5.35,,,,,backfill: AAA Oregon/Idaho weekly
2026-03-26,3.981,,,,,,backfill: AAA national weekly (gasprices.aaa.com)
2026-03-30,3.990,,3.93,,,,backfill: AAA national weekly (gasprices.aaa.com) + AAA Northeast weekly; mo-ago in 4/30 post
2026-03-31,4.02,5.46,,,4.02,,backfill: AAA Oregon/Idaho weekly + Fox 5 NY citing AAA; national = OR wk-ago; NYC about $4.02
2026-04-02,4.081,,,,,,backfill: AAA national weekly (gasprices.aaa.com)
2026-04-06,4.11,,4.06,,,,backfill: AAA Northeast weekly
2026-04-07,4.140,5.65,,,,,backfill: AAA national weekly (gasprices.aaa.com) + AAA Oregon/Idaho weekly; mo-ago in 5/07 post
2026-04-09,4.166,,,,,,backfill: AAA national weekly (gasprices.aaa.com)
2026-04-13,4.12,,4.12,,,,backfill: AAA Northeast weekly
2026-04-14,4.118,5.65,,,,,backfill: AAA national weekly (gasprices.aaa.com) + AAA Oregon/Idaho weekly; mo-ago in 5/14 post
2026-04-16,4.093,,,,,,backfill: AAA national weekly (gasprices.aaa.com)
2026-04-21,4.022,5.51,,,,,backfill: AAA national weekly (gasprices.aaa.com) + AAA Oregon/Idaho weekly; mo-ago in 5/21 post
2026-04-22,4.04,,4.10,,,,backfill: AAA Northeast weekly
2026-04-23,4.031,,,,,,backfill: AAA national weekly (gasprices.aaa.com)
2026-04-27,4.11,,4.18,,4.256,,backfill: AAA Northeast weekly + PIX11 citing AAA; NYC = PIX11 wk-ago
2026-04-28,4.176,5.46,,,,,backfill: AAA national weekly (gasprices.aaa.com) + AAA Oregon/Idaho weekly; mo-ago in 5/28 post
2026-04-30,4.300,,,,,,backfill: AAA national weekly (gasprices.aaa.com)
2026-05-04,4.457,,4.463,,4.562,,backfill: AAA national weekly (gasprices.aaa.com) + PIX11 citing AAA; mo-ago in 6/04 post; NE 4.45
2026-05-05,4.48,5.66,,,,,backfill: AAA Oregon/Idaho weekly
2026-05-07,4.558,,,,,,backfill: AAA national weekly (gasprices.aaa.com)
2026-05-11,4.520,,4.58,,4.656,,backfill: AAA national weekly (gasprices.aaa.com) + AAA Northeast weekly + PIX11 citing AAA
2026-05-12,4.50,5.64,,,,,backfill: AAA Oregon/Idaho weekly
2026-05-14,4.534,,,,,,backfill: AAA national weekly (gasprices.aaa.com)
2026-05-18,4.515,,,,,,backfill: AAA national weekly (gasprices.aaa.com); mo-ago in 6/18 post
2026-05-19,4.53,5.65,,,,,backfill: AAA Oregon/Idaho weekly; wk-ago in 5/26 post
2026-05-21,4.564,,,,,,backfill: AAA national weekly (gasprices.aaa.com); 2026 regular high
2026-05-26,4.49,5.58,4.58,,,,backfill: AAA Oregon/Idaho weekly + AAA Northeast weekly
2026-05-28,4.426,,,,,,backfill: AAA national weekly (gasprices.aaa.com)
2026-06-01,4.32,,4.53,,,,backfill: AAA Northeast weekly
2026-06-02,4.290,5.43,,,,,backfill: AAA national weekly (gasprices.aaa.com) + AAA Oregon/Idaho weekly; mo-ago in 7/02 post
2026-06-04,4.241,,,,,,backfill: AAA national weekly (gasprices.aaa.com)
2026-06-08,4.16,,4.44,,,,backfill: AAA Northeast weekly
2026-06-09,4.161,5.32,,,,,backfill: AAA national weekly (gasprices.aaa.com) + AAA Oregon/Idaho weekly; mo-ago in 7/09 post
2026-06-11,4.129,,4.40,,,,backfill: AAA national weekly (gasprices.aaa.com)
2026-06-15,4.06,,4.36,,,,backfill: AAA Northeast weekly
2026-06-16,4.044,5.19,,,,,backfill: AAA national weekly (gasprices.aaa.com) + AAA Oregon/Idaho weekly; mo-ago in 7/16 post
2026-06-18,3.999,,4.29,,,,backfill: AAA national weekly (gasprices.aaa.com)
2026-06-22,3.92,,4.23,,,,backfill: AAA Northeast weekly
2026-06-23,3.926,5.00,,,,,backfill: AAA national weekly (gasprices.aaa.com) + AAA Oregon/Idaho weekly; mo-ago in 7/23 post
2026-06-25,3.918,,,,,,backfill: AAA national weekly (gasprices.aaa.com); post labelled 6/29 holds 6/25 data
2026-06-29,3.86,,4.11,,,,backfill: AAA Northeast weekly
2026-06-30,3.847,4.85,,,,,backfill: AAA national weekly (gasprices.aaa.com) + AAA Oregon/Idaho weekly; mo-ago in 7/30 post
2026-07-02,3.838,,4.08,,,,backfill: AAA national weekly (gasprices.aaa.com)
2026-07-06,3.796,,4.05,,,,backfill: AAA national weekly (gasprices.aaa.com) + AAA Northeast weekly; mo-ago in 8/06 post
2026-07-07,3.79,4.77,,,,,backfill: AAA Oregon/Idaho weekly
2026-07-09,3.846,,4.06,,,,backfill: AAA national weekly (gasprices.aaa.com)
2026-07-13,3.872,,4.07,,,,backfill: AAA national weekly (gasprices.aaa.com) + AAA Northeast weekly; mo-ago in 8/13 post
2026-07-14,3.86,4.88,,,,,backfill: AAA Oregon/Idaho weekly
2026-07-16,3.943,,4.10,,,,backfill: AAA national weekly (gasprices.aaa.com)
2026-07-20,4.003,,4.14,,,,backfill: AAA national weekly (gasprices.aaa.com) + AAA Northeast weekly; mo-ago in 8/20 post
2026-07-21,4.02,5.14,,,,,backfill: AAA Oregon/Idaho weekly
2026-07-23,4.091,,,,,,backfill: AAA national weekly (gasprices.aaa.com)
2026-07-27,4.110,,4.23,,,,backfill: AAA national weekly (gasprices.aaa.com) + AAA Northeast weekly; mo-ago in 8/27 post
2026-07-28,4.10,5.32,,,,,backfill: AAA Oregon/Idaho weekly
2026-07-30,4.098,,,,,,backfill: AAA national weekly (gasprices.aaa.com)
2026-08-03,4.095,,4.22,,,,backfill: AAA national weekly (gasprices.aaa.com) + AAA Northeast weekly; mo-ago in 9/03 post
2026-08-04,4.09,5.37,,,,,backfill: AAA Oregon/Idaho weekly
2026-08-06,4.063,,,,,,backfill: AAA national weekly (gasprices.aaa.com); wk-ago in 8/13 post
2026-08-10,4.009,,,,,,backfill: AAA national weekly (gasprices.aaa.com); mo-ago in 9/10 post; 8/13 post and NE say $4.00
2026-08-11,4.02,5.32,,,,,backfill: AAA Oregon/Idaho weekly
2026-08-13,4.072,,,,,,backfill: AAA national weekly (gasprices.aaa.com)
2026-08-17,4.064,,4.12,,,,backfill: AAA national weekly (gasprices.aaa.com) + AAA Northeast weekly; mo-ago in 9/17 post
2026-08-18,4.07,5.47,,,,,backfill: AAA Oregon/Idaho weekly
2026-08-20,4.104,,,,,,backfill: AAA national weekly (gasprices.aaa.com)
2026-08-24,4.099,,4.16,,,,backfill: AAA national weekly (gasprices.aaa.com) + AAA Northeast weekly; mo-ago in 9/24 post
2026-08-25,4.10,5.62,,,,,backfill: AAA Oregon/Idaho weekly
2026-08-27,4.100,,,,,,backfill: AAA national weekly (gasprices.aaa.com)
2026-08-31,4.08,,4.21,,,,backfill: AAA Northeast weekly
2026-09-01,4.095,5.63,,,,,backfill: AAA national weekly (gasprices.aaa.com) + AAA Oregon/Idaho weekly; mo-ago in 10/01 post
2026-09-03,4.144,,,,,,backfill: AAA national weekly (gasprices.aaa.com)
2026-09-04,4.15,5.85,,,,,AAA month-ago figure as shown Oct 4; diesel 5.85 from Fox Business citing AAA; first 2026 diesel record
2026-09-08,4.15,5.90,4.31,,,,backfill: AAA Northeast weekly
2026-09-10,4.277,,,,,,backfill: AAA national weekly (gasprices.aaa.com)
2026-09-11,4.27,6.06,,,,,backfill: CBS8/AP citing AAA; diesel first above $6
2026-09-14,4.31,,4.39,,,,backfill: AAA Northeast weekly; wk-ago in 9/21 post
2026-09-15,4.33,6.27,,,,,backfill: AAA Oregon/Idaho weekly
2026-09-17,4.439,,,,,,backfill: AAA national weekly (gasprices.aaa.com)
2026-09-21,4.47,6.51,,,4.48,,backfill: AAA Northeast weekly + NPR citing AAA; NPR: diesel more than $6.51
2026-09-22,,6.53,,,,,AAA record diesel
2026-09-24,4.483,,,,,,backfill: AAA national weekly (gasprices.aaa.com)
2026-09-26,4.49,,4.49,6.52,,,backfill: FingerLakes1 citing AAA
2026-09-27,4.48,,,,,,AAA week-ago figure as shown Oct 4
2026-09-28,4.47,,4.48,,,,backfill: AAA Northeast weekly
2026-09-29,4.46,6.44,,,,,backfill: AAA Oregon/Idaho weekly
2026-10-01,4.414,,,,,,backfill: AAA national weekly (gasprices.aaa.com)
2026-10-03,4.38,,,,,,AAA yesterday figure as shown Oct 4
2026-10-04,4.37,6.34,4.47,6.52,4.56,6.74,gasprices.aaa.com (national + ?state=NY)
2026-10-05,4.37,6.32,4.47,6.52,4.56,6.75,gasprices.aaa.com (national + ?state=NY)
2026-10-06,4.37,6.32,4.47,6.52,4.55,6.73,gasprices.aaa.com (national + ?state=NY)
